Greater Victoria,,,,,,,,,,,,,Mount Douglas Secondary,,,,,
,,,,,,Course Schedule Attributes,,,,,,,,,,,,
Page 1,,,,,,,,,,,,,,,,"April 17, 2023",,
,#,Course,Department,Substitute,,,Base Terms/Year,Covered Terms/Year,Max Enrollment,PPC,Priority,,,Sections,Content Terms,,Include,
ACAL-12---,,AP CALCULUS AB 12 external credential,Mathematics,,N,,2,1,29,2.00,,10,,1,,,,Y
ACSC-2A---,,AP COMPUTER SCIENCE A 12,Information Tech,,N,,2,1,24,2.00,,10,,1,,,,Y
AELC-12---,,AP ENGLISH LITERATURE & COMPOSITION 12,English,,N,,2,1,24,2.00,,10,,1,,,,Y
APHM-12---,,AP PHYSICS C (MECHANICS) 12 external credential,Sciences,,N,,2,1,23,2.00,,10,,1,,,,Y
ASTA-12---,,AP STATISTICS 12,Mathematics,,N,,1,1,29,2.00,,10,,1,,,,Y
MAC--11---,,ACCOUNTING 11,Business Education,,N,,2,1,29,2.00,,50,,3,,,,Y
MACC-12---,,ACCOUNTING 12,Business Education,,N,,2,1,29,2.00,,50,,1,,,,Y
MACLV11---,,ACTIVE LIVING 11,Physical Education,,N,,2,1,29,2.00,,50,,2,,,,Y
MACLV11G--,,ACTIVE LIVING 11 Girls,Physical Education,,N,,2,1,29,2.00,,50,,1,,,,Y
MACLV12---,,ACTIVE LIVING 12,Physical Education,,N,,2,1,29,2.00,,50,,2,,,,Y
MACLV12G--,,ACTIVE LIVING 12 Girls,Physical Education,,N,,2,1,29,2.00,,50,,1,,,,Y
MADD-09---,,ADST - Drafting 9,Applied Skills,,N,,2,1,24,2.00,,50,,5,,,,Y
MADEM10---,,ADST ? ENTREPRENEURSHIP AND MARKETING 10,Applied Skills,,N,,2,1,29,2.00,,50,,2,,,,Y
MADER09---,,ADST - Electronics and Robotics,Applied Skills,,N,,2,1,24,2.00,,50,,3,,,,Y
MADFS09---,,ADST - Food Studies 9,Applied Skills,,N,,2,1,23,2.00,,50,,3,,,,Y
MADGE09D--,,ADST 9 - General Exploratns Design Innov & Inquiry,Applied Skills,,N,,2,1,24,2.00,,50,,1,,,,Y
MADGE09I--,,INCLUSIVE INTRODUCTION TO TRADE SKILLS 9,Applied Skills,,N,,2,1,24,2.00,,50,,1,,,,Y
MADIT09---,,ADST-Information and Communications Technologies 9,Applied Skills,,N,,2,1,24,2.00,,50,,4,,,,Y
MADW-09---,,ADST - Woodwork 9,Applied Skills,,N,,2,1,21,2.00,,50,,3,,,,Y
Greater Victoria,,,,,,,,,,,,,Mount Douglas Secondary,,,,,
,,,,,,Course Schedule Attributes,,,,,,,,,,,,
Page 2,,,,,,,,,,,,,,,,"April 17, 2023",,
,#,Course,Department,Substitute,,,Base Terms/Year,Covered Terms/Year,Max Enrollment,PPC,Priority,,,Sections,Content Terms,,Include,
MAE--09---,,ARTS EDUCATION 9,Fine Arts,,N,,2,1,29,2.00,,50,,4,,,,Y
MATPH12---,,ANATOMY AND PHYSIOLOGY 12,Science,,N,,2,1,23,2.00,,35,,6,,,,Y
MBIT-11,,INTRODUCTORY ITALIAN 11,Languages,,N,,2,1,29,2.00,,15,,1,,,,Y
MCALC12---,,CALCULUS 12,Mathematics,,N,,2,1,29,2.00,,20,,3,,,,Y
MCH--11---,,CHEMISTRY 11,Science,,N,,2,1,23,2.00,,20,,8,,,,Y
MCH--12---,,CHEMISTRY 12,Science,,N,,2,1,23,2.00,,35,,6,,,,Y
MCLC-12---,,CAREER LIFE CONNECTIONS,Career Preparation,,N,,2,1,20,2.00,,50,,2,,,,Y
MCLC-12--L,,CAREER LIFE CONNECTIONS Linear,Career Preparation,,N,,1,1,300,1.00,,0,,2,,,,Y
MCLE-10---,,CAREER LIFE EDUCATION 10,Career Preparation,,N,,2,1,29,2.00,,50,,8,,,,Y
MCLE-10--L,,CAREER LIFE EDUCATION 10 Linear,Career Preparation,,N,,1,1,29,1.00,,10,,1,,,,Y
MCMCC11--L,,CHORAL MUSIC 11: CONCERT CHOIR Linear,Music,,N,,1,1,50,2.00,,50,,1,,,,Y
MCMCC12--L,,CHORAL MUSIC 12: CONCERT CHOIR Linear,Music,,N,,1,1,50,2.00,,50,,1,,,,Y
MCMCL12---,,COMPARATIVE CULTURES 12,Social Studies,,N,,2,1,24,2.00,,20,,3,,,,Y
MCMPR11---,,COMPUTER PROGRAMMING 11,Information Tech,,N,,2,1,24,2.00,,50,,2,,,,Y
MCMPR11W--,,WEB DEVELOPMENT,Information Tech,,N,,2,1,24,2.00,,50,,1,,,,Y
MCMPR12W--,,WEB DEVELOPMENT 12,Information Tech,,N,,2,1,24,2.00,,50,,2,,,,Y
MCMPS10---,,COMPOSITION 10,English,,N,,2,1,24,1.00,,20,,2,,,,Y
MCMPS10C--,,COMPOSITION 10 Challenge,English,,N,,2,1,24,2.00,,10,,2,,,,Y
MCMPS11---,,COMPOSITION 11,English,,N,,2,1,24,2.00,,20,,5,,,,Y
Greater Victoria,,,,,,,,,,,,,Mount Douglas Secondary,,,,,
,,,,,,Course Schedule Attributes,,,,,,,,,,,,
Page 3,,,,,,,,,,,,,,,,"April 17, 2023",,
,#,Course,Department,Substitute,,,Base Terms/Year,Covered Terms/Year,Max Enrollment,PPC,Priority,,,Sections,Content Terms,,Include,
MCSTU10---,,ADST ? COMPUTER STUDIES 10,Information Tech,,N,,2,1,24,2.00,,50,,1,,,,Y
MCTWR10---,,CREATIVE WRITING 10,English,,N,,2,1,24,1.00,,30,,5,,,,Y
MCTWR11---,,CREATIVE WRITING 11,English,,N,,2,1,24,2.00,,20,,3,,,,Y
MDCF-10---,,DANCE FOUNDATIONS 10,Fine Arts,,N,,2,1,29,2.00,,50,,1,,,,Y
MDCF-11---,,DANCE FOUNDATIONS 11,Fine Arts,,N,,2,1,29,2.00,,50,,1,,,,Y
MDCF-12---,,DANCE FOUNDATIONS 12,Fine Arts,,N,,2,1,29,2.00,,50,,1,,,,Y
MDCOM11C--,,COMPUTER STUDIES 11,Information Tech,,N,,2,1,24,2.00,,50,,1,,,,Y
MDMD-12D--,,3D ANIMATION 12,Information Tech,,N,,2,1,24,2.00,,50,,1,,,,Y
MDNC-09C-L,,DANCE 9 Choreography Linear,Fine Arts,,N,,1,1,29,2.00,,50,,1,,,,Y
MDNC-09F--,,DANCE 9 Foundations,Fine Arts,,N,,2,1,29,2.00,,50,,1,,,,Y
MDNC-09H--,,DANCE 9 HIP HOP,Fine Arts,,N,,2,1,29,2.00,,50,,1,,,,Y
MDNC-09M-L,,DANCE 9 Company: Platform 61 Linear,Fine Arts,,N,,1,1,29,2.00,,50,,1,,,,Y
MDNC-09PT-,,DANCE 9 Performance and Technique,Fine Arts,,N,,2,1,29,2.00,,10,,1,,,,Y
MDNC-10--L,,DANCE 10: CHOREOGRAPHY Linear,Fine Arts,,N,,1,1,29,2.00,,50,,1,,,,Y
MDNC-11--L,,DANCE 11: CHOREOGRAPHY Linear,Fine Arts,,N,,1,1,29,2.00,,50,,1,,,,Y
MDNC-12--L,,DANCE 12: CHOREOGRAPHY Linear,Fine Arts,,N,,1,1,29,2.00,,50,,1,,,,Y
MDNCM10--L,,DANCE COMPANY 10 Linear,Fine Arts,,N,,1,1,29,2.00,,50,,1,,,,Y
MDNCM11--L,,DANCE COMPANY 11 Linear,Fine Arts,,N,,1,1,29,2.00,,50,,1,,,,Y
MDNCM12--L,,DANCE COMPANY 12 Linear,Fine Arts,,N,,1,1,29,2.00,,50,,1,,,,Y
Greater Victoria,,,,,,,,,,,,,Mount Douglas Secondary,,,,,
,,,,,,Course Schedule Attributes,,,,,,,,,,,,
Page 4,,,,,,,,,,,,,,,,"April 17, 2023",,
,#,Course,Department,Substitute,,,Base Terms/Year,Covered Terms/Year,Max Enrollment,PPC,Priority,,,Sections,Content Terms,,Include,
MDNCN11---,,DANCE CONDITIONING 11,Fine Arts,,N,,2,1,29,2.00,,50,,1,,,,Y
MDNCN12---,,DANCE CONDITIONING 12,Fine Arts,,N,,2,1,29,2.00,,50,,1,,,,Y
MDNTP10---,,DANCE TECHNIQUE AND PERFORMANCE 10,Fine Arts,,N,,2,1,29,2.00,,10,,1,,,,Y
MDNTP11---,,DANCE TECHNIQUE AND PERFORMANCE 11,Fine Arts,,N,,2,1,29,2.00,,10,,1,,,,Y
MDNTP12---,,DANCE TECHNIQUE AND PERFORMANCE 12,Fine Arts,,N,,2,1,29,2.00,,10,,1,,,,Y
MDR--09---,,DRAMA 9,Fine Arts,,N,,2,1,29,2.00,,50,,1,,,,Y
MDRM-10---,,DRAMA 10,Fine Arts,,N,,2,1,29,2.00,,35,,1,,,,Y
MDRM-11---,,DRAMA 11,Fine Arts,,N,,2,1,29,2.00,,50,,1,,,,Y
MDRM-12---,,DRAMA 12,Fine Arts,,N,,2,1,29,2.00,,50,,1,,,,Y
MEC--12---,,ECONOMICS 12,Business Education,,N,,0,1,0,0.00,,0,,0,,,,Y
MECOM12---,,E-COMMERCE 12,Applied Skills,,N,,2,1,29,2.00,,50,,1,,,,Y
MEN--09---,,ENGLISH LANGUAGE ARTS 9,English,,N,,2,1,24,2.00,,20,,6,,,,Y
MEN--09A--,,ENGLISH LANGUAGE ARTS 9 ADAPTED,English,,N,,4,1,15,1.00,,10,,1,,,,Y
MEN--09C--,,ENGLISH LANGUAGE ARTS 9 CHALLENGE,English,,N,,2,1,24,2.00,,10,,2,,,,Y
MEN--09E--,,ENGLISH 9 FOR ELL,English,,N,,2,1,24,,,10,,1,,,,Y
MENFP12---,,ENGLISH FIRST PEOPLES 12,English,,N,,2,1,24,2.00,,20,,1,,,,Y
MENFP12--Y,,ENGLISH FIRST PEOPLES 12 Year,English,,N,,2,1,24,,,20,,1,,,,Y
MENFP12C--,,ENGLISH FIRST PEOPLES 12 CHALLENGE,English,,N,,2,1,24,0.00,,20,,1,,,,Y
MENST12---,,ENGLISH STUDIES 12,English,,N,,2,1,24,2.00,,20,,9,,,,Y
Greater Victoria,,,,,,,,,,,,,Mount Douglas Secondary,,,,,
,,,,,,Course Schedule Attributes,,,,,,,,,,,,
Page 5,,,,,,,,,,,,,,,,"April 17, 2023",,
,#,Course,Department,Substitute,,,Base Terms/Year,Covered Terms/Year,Max Enrollment,PPC,Priority,,,Sections,Content Terms,,Include,
MENST12--Y,,ENGLISH STUDIES 12 Year Long,English,,N,,2,1,24,2.00,,10,,4,,,,Y
MENST12C--,,ENGLISH STUDIES 12 CHALLENGE,English,,N,,2,1,24,2.00,,10,,1,,,,Y
MENT-12---,,ENTREPRENEURSHIP 12,Business Education,,N,,2,1,29,2.00,,50,,3,,,,Y
MEPSS11---,,EXPLORATIONS IN SOCIAL STUDIES 11,Social Studies,,N,,2,1,24,2.00,,20,,5,,,,Y
MEPSS11C--,,EXPLORATIONS IN SOCIAL STUDIES 11 CHALLENGE,Social Studies,,N,,2,1,24,2.00,,20,,2,,,,Y
MEVSC11---,,ENVIRONMENTAL SCIENCE 11,Science,,N,,2,1,23,2.00,,35,,2,,,,Y
MEVSC12C--,,ENVIRONMENTAL SCIENCE 12 - CLIMATE CHANGE,Science,,N,,2,1,23,2.00,,35,,2,,,,Y
MFMP-10---,,FOUNDATIONS OF MATH AND PRE-CALCULUS 10,Mathematics,,N,,2,1,29,2.00,,20,,5,,,,Y
MFMP-10C--,,FOUNDATIONS OF MATH AND PRE-CALCULUS 10 CHALLENGE,Mathematics,,N,,2,1,29,2.00,,20,,2,,,,Y
MFMP-10H--,,FOUNDATIONS OF MATH AND PRE-CALCULUS 10 HONOURS,Mathematics,,N,,2,1,29,2.00,,10,,1,,,,Y
MFOM-11---,,FOUNDATIONS OF MATHEMATICS 11,Mathematics,,N,,2,1,29,2.00,,10,,2,,,,Y
MFOOD10---,,ADST ?  FOOD STUDIES 10,Applied Skills,,N,,2,1,23,2.00,,50,,3,,,,Y
MFOOD11---,,FOOD STUDIES 11,Applied Skills,,N,,2,1,23,2.00,,50,,4,,,,Y
MFOOD12---,,FOOD STUDIES 12,Applied Skills,,N,,2,1,23,2.00,,50,,4,,,,Y
MFR--09---,,FRENCH 9,Modern Languages,,N,,2,1,29,2.00,,15,,2,,,,Y
MFR--10---,,FRENCH 10,Modern Languages,,N,,2,1,29,2.00,,15,,1,,,,Y
MFR--11---,,FRENCH 11,Modern Languages,,N,,2,1,29,2.00,,15,,3,,,,Y
MFR--12---,,FRENCH 12,Modern Languages,,N,,2,1,29,2.00,,15,,2,,,,Y
MFTCD11---,,FITNESS AND CONDITIONING 11,Physical Education,,N,,2,1,29,2.00,,50,,1,,,,Y
Greater Victoria,,,,,,,,,,,,,Mount Douglas Secondary,,,,,
,,,,,,Course Schedule Attributes,,,,,,,,,,,,
Page 6,,,,,,,,,,,,,,,,"April 17, 2023",,
,#,Course,Department,Substitute,,,Base Terms/Year,Covered Terms/Year,Max Enrollment,PPC,Priority,,,Sections,Content Terms,,Include,
MFTCD12---,,FITNESS AND CONDITIONING 12,Physical Education,,N,,2,1,29,2.00,,50,,1,,,,Y
MGMT-12L--,,GEOMETRY 12,Mathematics,,N,,1,1,29,1.00,,20,,1,,,,Y
MGRPR11--L,,GRAPHIC PRODUCTION 11 LINEAR,Applied Skills,,N,,1,1,50,2.00,,50,,1,,,,Y
MGRPR12--L,,GRAPHIC PRODUCTION 12 LINEAR,Applied Skills,,N,,1,1,50,2.00,,50,,1,,,,Y
MIDS-0A---,,INDEPENDENT DIRECTED STUDIES 10A,Personal Development,,N,,0,1,29,0.00,,0,,6,,,,Y
MIDS-0B---,,INDEPENDENT DIRECTED STUDIES 10B,Personal Development,,N,,2,1,29,2.00,,50,,5,,,,Y
MIDS-0C---,,INDEPENDENT DIRECTED STUDIES 10C,Personal Development,,N,,1,1,20,2.00,,20,,1,,,,Y
MIDS-1A---,,INDEPENDENT DIRECTED STUDIES 11A,Personal Development,,N,,0,1,0,0.00,,50,,5,,,,Y
MIDS-1B---,,INDEPENDENT DIRECTED STUDIES 11B,Personal Development,,N,,2,1,100,2.00,,0,,5,,,,Y
MIDS-2A---,,INDEPENDENT DIRECTED STUDIES 12A,Personal Development,,N,,2,1,0,2.00,,0,,3,,,,Y
MIDS-2B---,,INDEPENDENT DIRECTED STUDIES 12B,Personal Development,,N,,0,1,0,0.00,,0,,1,,,,Y
MIMCB11--L,,INSTRUMENTAL MUSIC 11: CONCERT BAND LINEAR,Band,,N,,1,1,100,1.00,,10,,1,,,,Y
MIMCB12--L,,INSTRUMENTAL MUSIC 12: CONCERT BAND LINEAR,Band,,N,,1,1,100,1.00,,10,,1,,,,Y
MIMG-11---,,INSTRUMENTAL MUSIC 11: GUITAR,Music,,N,,2,1,29,2.00,,50,,2,,,,Y
MIMG-12---,,INSTRUMENTAL MUSIC 12: GUITAR,Music,,N,,2,1,29,2.00,,50,,2,,,,Y
MIMJB11--L,,INSTRUMENTAL MUSIC 11: JAZZ BAND LINEAR,Band,,N,,1,1,100,2.00,,50,,1,,,,Y
MIMJB12--L,,INSTRUMENTAL MUSIC 12: JAZZ BAND LINEAR,Band,,N,,1,1,100,2.00,,50,,1,,,,Y
MINST12---,,CONTEMPORARY INDIGENOUS STUDIES 12,Social Studies,,N,,2,1,24,2.00,,20,,1,,,,Y
MINST12C--,,CONTEMPORARY INDIGENOUS STUDIES 12 CHALLENGE,Social Studies,,N,,2,1,24,2.00,,20,,2,,,,Y
Greater Victoria,,,,,,,,,,,,,Mount Douglas Secondary,,,,,
,,,,,,Course Schedule Attributes,,,,,,,,,,,,
Page 7,,,,,,,,,,,,,,,,"April 17, 2023",,
,#,Course,Department,Substitute,,,Base Terms/Year,Covered Terms/Year,Max Enrollment,PPC,Priority,,,Sections,Content Terms,,Include,
MIT--11---,,ITALIAN 11,Languages,,N,,2,1,29,2.00,,15,,1,,,,Y
MJA--09--,,JAPANESE 9,Languages,,N,,0,0,0,0.00,,0,,0,,,,Y
MLFSC11---,,LIFE SCIENCES 11,Science,,N,,2,1,23,2.00,,35,,5,,,,Y
MLST-12---,,LAW STUDIES 12,Social Studies,,N,,2,1,24,2.00,,20,,7,,,,Y
MLTST10---,,LITERARY STUDIES 10,English,,N,,2,1,24,1.00,,50,,8,,,,Y
MLTST10--L,,LITERARY STUDIES 10 Linear,English,,N,,1,1,24,2.00,,20,,2,,,,Y
MLTST10C--,,LITERARY STUDIES 10 Challenge,English,,N,,2,1,24,2.00,,20,,2,,,,Y
MLTST11---,,LITERARY STUDIES 11,English,,N,,2,1,24,2.00,,15,,1,,,,Y
MLTST11C--,,LITERARY STUDIES 11 Challenge,English,,N,,2,1,24,2.00,,20,,2,,,,Y
MLTST12---,,LITERARY STUDIES 12,English,,N,,2,1,24,2.00,,10,,1,,,,Y
MMA--09---,,MATHEMATICS 9,Mathematics,,N,,2,1,29,2.00,,20,,4,,,,Y
MMA--09C--,,MATHEMATICS 9 CHALLENGE,Mathematics,,N,,2,1,29,2.00,,20,,2,,,,Y
MMA--09H--,,MATHEMATICS 9 HONOURS,Mathematics,,N,,2,1,29,2.00,,20,,1,,,,Y
MMACS11---,,COMPUTER SCIENCE 11,Mathematics,,N,,2,1,24,2.00,,50,,5,,,,Y
MMACS12---,,COMPUTER SCIENCE 12,Mathematics,,N,,2,1,24,2.00,,50,,5,,,,Y
MMAN-10---,,MANDARIN CHINESE 10,Languages,,N,,2,1,29,2.00,,15,,1,,,,Y
MMAN-11---,,MANDARIN CHINESE 11,Languages,,N,,2,1,29,2.00,,50,,2,,,,Y
MMAP-11---,,MARKETING AND PROMOTION 11,Applied Skills,,N,,2,1,29,2.00,,50,,1,,,,Y
MMEDD10---,,ADST ? MEDIA DESIGN 10,Information Tech,,N,,2,1,24,2.00,,50,,2,,,,Y
Greater Victoria,,,,,,,,,,,,,Mount Douglas Secondary,,,,,
,,,,,,Course Schedule Attributes,,,,,,,,,,,,
Page 8,,,,,,,,,,,,,,,,"April 17, 2023",,
,#,Course,Department,Substitute,,,Base Terms/Year,Covered Terms/Year,Max Enrollment,PPC,Priority,,,Sections,Content Terms,,Include,
MMEDD11---,,MEDIA DESIGN 11,Information Tech,,N,,2,1,24,2.00,,50,,2,,,,Y
MMEDD12---,,MEDIA DESIGN 12,Information Tech,,N,,2,1,24,2.00,,50,,2,,,,Y
MMUCB10--L,,INSTRUMENTAL MUSIC: CONCERT BAND 10 Linear,Music,,N,,1,1,100,1.00,,10,,1,,,,Y
MMUCC10--L,,CHORAL MUSIC: CONCERT CHOIR 10 Linear,Music,,N,,1,1,50,2.00,,50,,1,,,,Y
MMUGT10---,,INSTRUMENTAL MUSIC: GUITAR 10,Music,,N,,2,1,29,2.00,,50,,2,,,,Y
MMUJB10--L,,INSTRUMENTAL MUSIC: JAZZ BAND 10 Linear,Music,,N,,1,1,100,2.00,,50,,1,,,,Y
MMUOR10S-L,,INSTRUMENTAL MUSIC: ORCHESTRA 10 Strings LINEAR,Music,,N,,1,1,100,2.00,,50,,1,,,,Y
MMUOR11S-L,,INSTRUMENTAL MUSIC: ORCHESTRA 11 Strings Linear,Music,,N,,1,1,100,2.00,,50,,1,,,,Y
MMUOR12S-L,,INSTRUMENTAL MUSIC: ORCHESTRA 12 Strings Linear,Music,,N,,1,1,100,2.00,,50,,1,,,,Y
MNMD-10---,,NEW MEDIA 10,English,,N,,2,1,24,1.00,,50,,3,,,,Y
MNMD-11---,,NEW MEDIA 11,English,,N,,2,1,24,2.00,,20,,2,,,,Y
MODED11---,,OUTDOOR EDUCATION 11,Physical Education,,N,,2,1,29,2.00,,50,,1,,,,Y
MODED12---,,OUTDOOR EDUCATION 12,Physical Education,,N,,2,1,29,2.00,,50,,1,,,,Y
MPGEO12---,,PHYSICAL GEOGRAPHY 12,Social Studies,,N,,2,1,24,2.00,,10,,1,,,,Y
MPH--11---,,PHYSICS 11,Science,,N,,2,1,23,2.00,,20,,6,,,,Y
MPH--12---,,PHYSICS 12,Science,,N,,2,1,23,2.00,,35,,5,,,,Y
MPHE-09---,,PHYSICAL AND HEALTH EDUCATION 9,Physical Education,,N,,2,1,29,2.00,,35,,3,,,,Y
MPHE-09--L,,PHYSICAL AND HEALTH EDUCATION 9 Linear,Physical Education,,N,,1,1,32,2.00,,40,,1,,,,Y
MPHE-09B--,,PHYSICAL AND HEALTH EDUCATION 9 Boys,Physical Education,,N,,2,1,29,2.00,,35,,5,,,,Y
Greater Victoria,,,,,,,,,,,,,Mount Douglas Secondary,,,,,
,,,,,,Course Schedule Attributes,,,,,,,,,,,,
Page 9,,,,,,,,,,,,,,,,"April 17, 2023",,
,#,Course,Department,Substitute,,,Base Terms/Year,Covered Terms/Year,Max Enrollment,PPC,Priority,,,Sections,Content Terms,,Include,
MPHE-09B-L,,PHYSICAL AND HEALTH EDUCATION 9 Boys Linear,Physical Education,,N,,1,1,29,1.00,,35,,1,,,,Y
MPHE-09G--,,PHYSICAL AND HEALTH EDUCATION 9 Girls,Physical Education,,N,,2,1,29,2.00,,35,,4,,,,Y
MPHE-09G-L,,PHYSICAL AND HEALTH EDUCATION 9 Girls Linear,Physical Education,,N,,1,1,29,1.00,,35,,1,,,,Y
MPHE-09Y--,,PHYSICAL AND HEALTH EDUCATION 9 Yoga for Mindfulns,Physical Education,,N,,2,1,29,2.00,,50,,1,,,,Y
MPHED10---,,PHYSICAL AND HEALTH EDUCATION 10,Physical Education,,N,,2,1,29,2.00,,35,,4,,,,Y
MPHED10--L,,PHYSICAL AND HEALTH EDUCATION 10 LINEAR,Physical Education,,N,,1,1,29,2.00,,35,,2,,,,Y
MPHED10B--,,PHYSICAL AND HEALTH EDUCATION 10 Boys,Physical Education,,N,,2,1,29,2.00,,35,,5,,,,Y
MPHED10B-L,,PHYSICAL AND HEALTH EDUCATION 10 LINEAR Boys,Physical Education,,N,,1,1,29,1.00,,35,,1,,,,Y
MPHED10G--,,PHYSICAL AND HEALTH EDUCATION 10 Girls,Physical Education,,N,,2,1,29,2.00,,35,,4,,,,Y
MPHED10G-L,,PHYSICAL AND HEALTH EDUCATION 10 LINEAR Girls,Physical Education,,N,,1,1,29,1.00,,35,,1,,,,Y
MPREC11---,,PRE-CALCULUS 11,Mathematics,,N,,2,1,29,2.00,,20,,7,,,,Y
MPREC11H--,,PRE-CALCULUS 11 HONOURS,Mathematics,,N,,2,1,29,2.00,,10,,1,,,,Y
MPREC12---,,PRE-CALCULUS 12,Mathematics,,N,,2,1,29,2.00,,20,,6,,,,Y
MPREC12H--,,PRE-CALCULUS 12 HONOURS,Mathematics,,N,,2,1,29,2.00,,10,,1,,,,Y
MRUS-10,,RUSSIAN 10,Languages,,N,,0,0,0,,,0,,0,,,,Y
MRUS-11,,RUSSIAN 11,Languages,,N,,0,0,0,,,0,,0,,,,Y
MRUS-12,,RUSSIAN 12,Languages,,N,,0,0,0,,,0,,0,,,,Y
MSC--09---,,SCIENCE 9,Science,,N,,2,1,23,2.00,,20,,5,,,,Y
MSC--09A--,,SCIENCE 9: ADAPTED,Science,,N,,4,1,15,1.00,,10,,1,,,,Y
Greater Victoria,,,,,,,,,,,,,Mount Douglas Secondary,,,,,
,,,,,,Course Schedule Attributes,,,,,,,,,,,,
Page 10,,,,,,,,,,,,,,,,"April 17, 2023",,
,#,Course,Department,Substitute,,,Base Terms/Year,Covered Terms/Year,Max Enrollment,PPC,Priority,,,Sections,Content Terms,,Include,
MSC--09C--,,SCIENCE 9: CHALLENGE,Science,,N,,2,1,23,2.00,,20,,2,,,,Y
MSC--09D--,,Science 9 Discovery,Science,,N,,2,1,23,2.00,,20,,5,,,,Y
MSC--10---,,SCIENCE 10,Science,,N,,2,1,23,2.00,,20,,8,,,,Y
MSC--10C--,,SCIENCE 10: CHALLENGE,Science,,N,,2,1,23,2.00,,20,,2,,,,Y
MSP--09---,,SPANISH 9,Modern Languages,,N,,2,1,29,2.00,,35,,2,,,,Y
MSP--10---,,SPANISH 10,Modern Languages,,N,,2,1,29,2.00,,35,,2,,,,Y
MSP--11---,,SPANISH 11,Modern Languages,,N,,2,1,29,2.00,,35,,2,,,,Y
MSP--12---,,SPANISH 12,Modern Languages,,N,,2,1,29,2.00,,35,,1,,,,Y
MSPLG10--L,,SPOKEN LANGUAGE 10 LINEAR,English,,N,,2,1,24,2.00,,10,,2,,,,Y
MSS--09---,,SOCIAL STUDIES 9,Social Studies,,N,,2,1,24,2.00,,20,,5,,,,Y
MSS--09C--,,SOCIAL STUDIES 9 CHALLENGE,Social Studies,,N,,2,1,24,2.00,,20,,2,,,,Y
MSS--10---,,SOCIAL STUDIES 10,Social Studies,,N,,2,1,24,2.00,,20,,7,,,,Y
MSS--10C--,,SOCIAL STUDIES 10 CHALLENGE,Social Studies,,N,,2,1,24,2.00,,20,,2,,,,Y
MSTAT12---,,STATISTICS 12,Mathematics,,N,,2,1,29,1.00,,15,,1,,,,Y
MSTAT12--L,,STATISTICS 12 LINEAR,Mathematics,,N,,1,1,29,2.00,,15,,1,,,,Y
MSTX-0A---,,SKILLS EXPLORATION 10A,Applied Skills,,N,,2,1,21,2.00,,50,,1,,,,Y
MSTX-0AI--,,INCLUSIVE INTRODUCTION TO TRADE SKILLS 10,Applied Skills,,N,,2,1,21,2.00,,50,,1,,,,Y
MSTX-1A---,,SKILLS EXPLORATION 11A,Applied Skills,,N,,2,1,21,2.00,,50,,2,,,,Y
MSTX-1AI--,,INCLUSIVE INTRODUCTION TO TRADE SKILLS 11,Applied Skills,,N,,2,1,21,2.00,,50,,1,,,,Y
Greater Victoria,,,,,,,,,,,,,Mount Douglas Secondary,,,,,
,,,,,,Course Schedule Attributes,,,,,,,,,,,,
Page 11,,,,,,,,,,,,,,,,"April 17, 2023",,
,#,Course,Department,Substitute,,,Base Terms/Year,Covered Terms/Year,Max Enrollment,PPC,Priority,,,Sections,Content Terms,,Include,
MSTX-2A---,,SKILLS EXPLORATION 12A,Applied Skills,,N,,2,1,21,2.00,,50,,2,,,,Y
MSTX-2AI--,,INCLUSIVE INTRODUCTION TO TRADE SKILLS 12,Applied Skills,,N,,2,1,21,2.00,,50,,1,,,,Y
MTAUT11---,,AUTOMOTIVE TECHNOLOGY 11,Applied Skills,,N,,2,1,21,2.00,,50,,3,,,,Y
MTAUT12---,,AUTOMOTIVE TECHNOLOGY 12,Applied Skills,,N,,2,1,21,2.00,,50,,3,,,,Y
MTDRF10---,,ADST ?  DRAFTING 10,Applied Skills,,N,,2,1,24,2.00,,50,,5,,,,Y
MTDRF11---,,DRAFTING 11,Applied Skills,,N,,2,1,24,2.00,,50,,5,,,,Y
MTDRF12---,,DRAFTING 12,Applied Skills,,N,,2,1,24,2.00,,50,,5,,,,Y
MTEAD12---,,ENGINE AND DRIVETRAIN 12,Applied Skills,,N,,2,1,21,2.00,,50,,3,,,,Y
MTEAR10---,,ADST ?  ELECTRONICS AND ROBOTICS 10,Applied Skills,,N,,2,1,24,2.00,,50,,3,,,,Y
MTEXP10D--,,ADST-Technology Explorations 10 Design Innov & Inq,Information Tech,,N,,2,1,24,2.00,,50,,1,,,,Y
MTPOW10---,,ADST ?  POWER TECHNOLOGY 10,Applied Skills,,N,,2,1,21,2.00,,50,,2,,,,Y
MTROB11---,,ROBOTICS 11,Applied Skills,,N,,2,1,24,2.00,,50,,3,,,,Y
MTROB12---,,ROBOTICS 12,Applied Skills,,N,,2,1,24,2.00,,50,,3,,,,Y
MVAPH10---,,VISUAL ARTS: PHOTOGRAPHY 10,Fine Arts,,N,,2,1,24,2.00,,50,,2,,,,Y
MVAPH11---,,PHOTOGRAPHY 11,Fine Arts,,N,,2,1,24,2.00,,50,,2,,,,Y
MVAPH12---,,PHOTOGRAPHY 12,Fine Arts,,N,,2,1,24,2.00,,50,,2,,,,Y
MVAST10---,,VISUAL ARTS: ART STUDIO 10,Fine Arts,,N,,2,1,29,2.00,,50,,5,,,,Y
MVAST11---,,ART STUDIO 11,Fine Arts,,N,,2,1,29,2.00,,50,,3,,,,Y
MVAST12---,,ART STUDIO 12,Fine Arts,,N,,2,1,29,2.00,,50,,3,,,,Y
Greater Victoria,,,,,,,,,,,,,Mount Douglas Secondary,,,,,
,,,,,,Course Schedule Attributes,,,,,,,,,,,,
Page 12,,,,,,,,,,,,,,,,"April 17, 2023",,
,#,Course,Department,Substitute,,,Base Terms/Year,Covered Terms/Year,Max Enrollment,PPC,Priority,,,Sections,Content Terms,,Include,
MWBDV10IT-,,Information and Communications Technologies 10,Information Tech,,N,,2,1,24,2.00,,50,,4,,,,Y
MWEX-2A---,,WORK EXPERIENCE 12A,Career Prep,,N,,2,1,29,2.00,,50,,3,,,,Y
MWEX-2A--L,,WORK EXPERIENCE 12A LINEAR,Career Prep,,N,,1,1,29,2.00,,50,,1,,,,Y
MWEX-2B---,,WORK EXPERIENCE 12B,Career Prep,,N,,2,1,29,2.00,,50,,1,,,,Y
MWEX-2B--L,,WORK EXPERIENCE 12B LINEAR,Career Prep,,N,,1,1,29,2.00,,50,,1,,,,Y
MWH--12---,,20th CENTURY WORLD HISTORY 12,Social Studies,,N,,2,1,24,2.00,,20,,3,,,,Y
MWPM-10---,,WORKPLACE MATHEMATICS 10,Mathematics,,N,,2,1,29,2.00,,10,,1,,,,Y
MWPM-11---,,WORKPLACE MATHEMATICS 11,Mathematics,,N,,2,1,29,2.00,,20,,3,,,,Y
MWWK-10---,,ADST ?  WOODWORK 10,Applied Skills,,N,,2,1,21,2.00,,50,,3,,,,Y
MWWK-11---,,WOODWORK 11,Applied Skills,,N,,2,1,21,2.00,,50,,3,,,,Y
MWWK-12---,,WOODWORK 12,Applied Skills,,N,,2,1,21,2.00,,50,,4,,,,Y
PB---2A---,,CAMOSUN COLLEGE COURSE 12A,Camosun College,,N,,2,1,29,2.00,,50,,3,,,,Y
PY---2A---,,UNIVERSITY OF VICTORIA COURSE 12A,U of Victoria,,N,,0,0,0,,,0,,3,,,,Y
PY---2B---,,UNIVERSITY OF VICTORIA COURSE 12B,U of Victoria,,N,,0,0,0,,,0,,1,,,,Y
TSTB-2A---,,Explore: Trades Sampler (Camosun) 12A,Other,,N,,0,0,0,,,0,,1,,,,Y
TSTB-2B---,,Explore: Trades Sampler (Camosun) 12B,Other,,N,,0,0,0,,,0,,1,,,,Y
UXSO-11,,EXTERNAL SPORT: OFFICIAL 11,Other,,N,,0,0,0,,,0,,0,,,,Y
UXSO-12,,EXTERNAL SPORT: OFFICIAL 12,Other,,N,,0,0,0,,,0,,0,,,,Y
XAT--11---,,ASSIGNED TIME 11,Not Applicable,,N,,2,1,50,2.00,,20,,4,,,,Y
Greater Victoria,,,,,,,,,,,,,Mount Douglas Secondary,,,,,
,,,,,,Course Schedule Attributes,,,,,,,,,,,,
Page 13,,,,,,,,,,,,,,,,"April 17, 2023",,
,#,Course,Department,Substitute,,,Base Terms/Year,Covered Terms/Year,Max Enrollment,PPC,Priority,,,Sections,Content Terms,,Include,
XAT--12---,,ASSIGNED TIME 12,Not Applicable,,N,,2,1,50,2.00,,20,,4,,,,Y
XBA--09B-L,,BEGINNER BAND 9 LINEAR,Band,,N,,1,1,100,1.00,,10,,1,,,,Y
XBA--09C-L,,CONCERT BAND 9 Linear,Band,,N,,1,1,100,1.00,,10,,1,,,,Y
XBA--09G--,,CONCERT BAND 9 - Guitar,Band,,N,,2,1,29,2.00,,50,,2,,,,Y
XBA--09J-L,,JAZZ BAND 9 LINEAR,Music,,N,,1,1,100,2.00,,50,,1,,,,Y
XC---09--L,,CONCERT CHOIR 9 Linear,Music,,N,,1,1,50,2.00,,50,,1,,,,Y
XLDCB09LS-,,LEARNING STRATEGIES 9 LD,Personal Development,,N,,2,1,29,2.00,,50,,8,,,,Y
XLDCB09LSL,,LEARNING STRATEGIES 9 LD LINEAR,Personal Development,,N,,1,1,29,1.00,,50,,2,,,,Y
XLDCB09M--,,TECH ED 9: MECHANICS LD,Technology Education,,N,,2,1,21,2.00,,50,,2,,,,Y
XLDCB09S-L,,STRINGS 9 LINEAR,Band,,N,,1,1,100,2.00,,50,,1,,,,Y
XLDCE09NM-,,NUMERACY 9,Mathematics,,N,,2,1,29,2.00,,10,,1,,,,Y
XSIEP1A---,,IEP MODIFIED 11A LD,Special Education,,N,,2,1,29,2.00,,50,,1,,,,Y
XSIEP1B---,,IEP MODIFIED 11B LD,Special Education,,N,,2,1,29,2.00,,50,,1,,,,Y
XSIEP1C---,,IEP MODIFIED 11C LD,Special Education,,N,,2,1,29,2.00,,20,,1,,,,Y
XSIEP1D---,,IEP MODIFIED 11D LD,Special Education,,N,,2,1,29,2.00,,20,,1,,,,Y
XSIEP1E---,,IEP MODIFIED 11E LD,Special Education,,N,,2,1,29,2.00,,20,,1,,,,Y
XSIEP1F---,,IEP MODIFIED 11F LD,Special Education,,N,,2,1,29,2.00,,20,,1,,,,Y
XSIEP1G---,,IEP MODIFIED 11G LD,Special Education,,N,,2,1,29,2.00,,20,,1,,,,Y
XSIEP1H---,,IEP MODIFIED 11H LD,Special Education,,N,,2,1,29,2.00,,20,,1,,,,Y
Greater Victoria,,,,,,,,,,,,,Mount Douglas Secondary,,,,,
,,,,,,Course Schedule Attributes,,,,,,,,,,,,
Page 14,,,,,,,,,,,,,,,,"April 17, 2023",,
,#,Course,Department,Substitute,,,Base Terms/Year,Covered Terms/Year,Max Enrollment,PPC,Priority,,,Sections,Content Terms,,Include,
XSIEP2A---,,IEP MODIFIED 12A LD,Special Education,,N,,2,1,29,2.00,,50,,1,,,,Y
XSIEP2C---,,IEP MODIFIED 12C LD,Special Education,,N,,2,1,29,,,20,,1,,,,Y
XSIEP2E---,,IEP MODIFIED 12E LD,Special Education,,N,,2,1,29,,,20,,1,,,,Y
XSPBK0A---,,SUPPORT BLOCK 10A,Personal Development,,N,,2,1,29,2.00,,50,,1,,,,Y
XSPBK1A---,,SUPPORT BLOCK 11A,Personal Development,,N,,2,1,29,2.00,,50,,2,,,,Y
XSPBK2A---,,SUPPORT BLOCK 12A,Personal Development,,N,,2,1,29,2.00,,50,,2,,,,Y
YAH--1A,,BA ALLIED HEALTH 11A,Health and Career,,N,,0,0,0,,,0,,0,,,,Y
YCPA-0AX-L,,COMMUNITY LEADERSHIP 10 Linear,Personal Development,,N,,1,1,200,2.00,,50,,1,,,,Y
YCPA-0AXE-,,COMMUNITY LEADERSHIP 10,Personal Development,,N,,1,1,50,2.00,,50,,1,,,,Y
YCPA-1AX-L,,COMMUNITY LEADERSHIP 11 Linear,Personal Development,,N,,1,1,200,2.00,,50,,1,,,,Y
YCPA-1AXE-,,COMMUNITY LEADERSHIP 11,Personal Development,,N,,1,1,50,2.00,,50,,1,,,,Y
YCPA-2AX-L,,COMMUNITY LEADERSHIP 12 Linear,Personal Development,,N,,1,1,200,2.00,,50,,1,,,,Y
YCPA-2AXE-,,COMMUNITY LEADERSHIP 12,Personal Development,,N,,1,1,50,2.00,,50,,1,,,,Y
YCPA-2AXG-,,COMMUNITY LEADERSHIP 12,Personal Development,,N,,1,1,50,2.00,,50,,1,,,,Y
YED--0AX--,,LEARNING STRATEGIES 10,Applied Skills,,N,,2,1,20,2.00,,50,,10,,,,Y
YED--0AX-L,,LEARNING STRATEGIES 10 LINEAR,Applied Skills,,N,,1,1,20,1.00,,50,,2,,,,Y
YED--0BX-L,,PEER TUTORING 10 LINEAR,Personal Development,,N,,1,1,50,2.00,,50,,1,,,,Y
YED--1DX--,,LEARNING STRATEGIES 11,Applied Skills,,N,,2,1,20,2.00,,50,,9,,,,Y
YED--1DX-L,,LEARNING STRATEGIES 11 LINEAR,Applied Skills,,N,,1,1,20,1.00,,50,,2,,,,Y
Greater Victoria,,,,,,,,,,,,,Mount Douglas Secondary,,,,,
,,,,,,Course Schedule Attributes,,,,,,,,,,,,
Page 15,,,,,,,,,,,,,,,,"April 17, 2023",,
,#,Course,Department,Substitute,,,Base Terms/Year,Covered Terms/Year,Max Enrollment,PPC,Priority,,,Sections,Content Terms,,Include,
YED--1EX-L,,PEER TUTORING 11 LINEAR,Personal Development,,N,,1,1,50,2.00,,50,,1,,,,Y
YED--1FX--,,TEACHER ASSISTANT 11,Personal Development,,N,,2,1,29,2.00,,50,,1,,,,Y
YED--2CX--,,LEARNING STRATEGIES 12,Applied Skills,,N,,2,1,20,2.00,,50,,9,,,,Y
YED--2CX-L,,LEARNING STRATEGIES 12 LINEAR,Applied Skills,,N,,1,1,20,1.00,,50,,1,,,,Y
YED--2DX-L,,PEER TUTORING 12 LINEAR,Personal Development,,N,,1,1,50,2.00,,50,,1,,,,Y
YED--2EX--,,TEACHER ASSISTANT 12,Personal Development,,N,,2,1,29,2.00,,50,,11,,,,Y
YED--2FX-L,,SCHOLARSHIP PREPARATION 12 LINEAR,Applied Skills,,N,,1,1,100,2.00,,50,,1,,,,Y
YESFL0AX--,,BEGINNERS ELL 10,English,,N,,2,1,24,2.00,,50,,1,,,,Y
YESFL0AX-L,,BEGINNERS ELL 10 Linear,English,,N,,2,1,24,2.00,,10,,2,,,,Y
YESFL1CX--,,ELL Academic Literacy 11,English,,N,,2,1,24,2.00,,10,,2,,,,Y
YIA--2AI--,,INTRODUCTION TO AVIATION 12,Applied Skills,,N,,2,1,21,2.00,,50,,1,,,,Y
YIA--2BS--,,AVIATION SYSTEMS AND DESIGN 12,Applied Skills,,N,,2,1,21,2.00,,50,,1,,,,Y
YIA--2CF--,,AVIATION FABRICATION 12,Applied Skills,,N,,2,1,21,2.00,,50,,1,,,,Y
YLAW-2CX--,,CRIMINOLOGY 12,Social Studies,,N,,2,1,24,2.00,,50,,3,,,,Y
YMIS-1DD--,,DESIGN AND INNOVATION 11,Applied Skills,,N,,2,1,24,2.00,,50,,1,,,,Y
YMIS-2DD--,,DESIGN AND INNOVATION 12,Applied Skills,,N,,2,1,24,2.00,,50,,1,,,,Y
YPA--0CX--,,YOGA FOR MINDFULNESS 10,Personal Development,,N,,2,1,29,2.00,,50,,1,,,,Y
YPA--1CX--,,YOGA FOR MINDFULNESS 11,Personal Development,,N,,2,1,29,2.00,,50,,1,,,,Y
YPA--2CX--,,YOGA FOR MINDFULNESS 12,Personal Development,,N,,2,1,29,2.00,,50,,1,,,,Y
Greater Victoria,,,,,,,,,,,,,Mount Douglas Secondary,,,,,
,,,,,,Course Schedule Attributes,,,,,,,,,,,,
Page 16,,,,,,,,,,,,,,,,"April 17, 2023",,
,#,Course,Department,Substitute,,,Base Terms/Year,Covered Terms/Year,Max Enrollment,PPC,Priority,,,Sections,Content Terms,,Include,
YPR--0BX--,,OUTDOOR EDUCATION 10,Physical Education,,N,,2,1,29,2.00,,50,,1,,,,Y
YPSYC1AX--,,PSYCHOLOGY 11,Personal Development,,N,,2,1,24,2.00,,50,,4,,,,Y
